{"features": ["log_max_mag", "q_len_log", "has_number"], "scaler": {"mean": [0.6315006655559133, 3.297351806683375, 0.5766666666666667], "std": [0.8558609728037782, 0.603829954872239, 0.4940872617485928]}, "reference": [[0.43055980603589444, 0.4272664062527775, 0.8567987197952468], [0.6690564651220461, 0.27886012404266836, 0.8567987197952468], [-0.38612657942483214, 0.7292082945655746, 0.8567987197952468], [-0.7378542609404583, -0.34166796738116595, -1.1671352639730528], [-0.7378542609404583, 0.5192953801491926, 0.8567987197952468], [-0.38612657942483214, 1.4524543807996884, 0.8567987197952468], [-0.38612657942483214, 0.4272664062527775, 0.8567987197952468], [1.5938739729804101, -0.41870955046184627, 0.8567987197952468], [-0.1803790752725971, -0.41870955046184627, 0.8567987197952468], [-0.1803790752725971, 0.8798662363779759, 0.8567987197952468], [-0.7378542609404583, -0.268051608649445, 0.8567987197952468], [0.43055980603589444, 0.27886012404266836, 0.8567987197952468], [0.249570176986344, 0.05771940131589358, 0.8567987197952468], [-0.7378542609404583, 1.8771261395929948, -1.1671352639730528], [-0.7378542609404583, -2.2381162887389476, -1.1671352639730528], [0.07883212452026844, 0.11583397401657239, 0.8567987197952468], [-0.7378542609404583, 0.7292082945655746, -1.1671352639730528], [-0.38612657942483214, -0.7686575647366872, 0.8567987197952468], [0.43055980603589444, 0.7292082945655746, 0.8567987197952468], [-0.38612657942483214, 0.27886012404266836, 0.8567987197952468], [-0.7378542609404583, 0.4739200655146088, -1.1671352639730528], [-0.38612657942483214, 0.4739200655146088, 0.8567987197952468], [0.478923601644688, -0.268051608649445, 0.8567987197952468], [-0.03439889790920604, -0.268051608649445, 0.8567987197952468], [-0.1803790752725971, 1.5271781253181544, 0.8567987197952468], [0.31732878360642, 0.17197817720181244, 0.8567987197952468], [0.8955185099809951, -0.12996371111098465, 0.8567987197952468], [0.31732878360642, -1.0901984437115273, 0.8567987197952468], [-0.38612657942483214, 0.8434670704514927, 0.8567987197952468], [-0.7378542609404583, 0.17197817720181244, -1.1671352639730528], [-0.1803790752725971, 0.05771940131589358, 0.8567987197952468], [-0.38612657942483214, -0.5844573040295852, 0.8567987197952468], [-0.1803790752725971, 0.11583397401657239, 0.8567987197952468], [-0.7378542609404583, 1.3741990963950863, -1.1671352639730528], [-0.38612657942483214, 0.7292082945655746, 0.8567987197952468], [-0.1803790752725971, 0.8434670704514927, 0.8567987197952468], [-0.38612657942483214, 0.5192953801491926, 0.8567987197952468], [0.07883212452026844, 0.5192953801491926, 0.8567987197952468], [0.07883212452026844, -0.673997779512812, 0.8567987197952468], [0.07883212452026844, -0.7686575647366872, 0.8567987197952468], [0.478923601644688, -0.0025088862631310565, 0.8567987197952468], [0.43055980603589444, -0.8690577209847525, 0.8567987197952468], [0.31732878360642, -1.0901984437115273, 0.8567987197952468], [-0.38612657942483214, 0.27886012404266836, 0.8567987197952468], [-0.7378542609404583, -0.49951071604786856, -1.1671352639730528], [0.43055980603589444, -3.6413223628173332, 0.8567987197952468], [0.249570176986344, 0.8798662363779759, 0.8567987197952468], [0.07883212452026844, 0.4739200655146088, 0.8567987197952468], [-0.7378542609404583, 1.2637518190439925, -1.1671352639730528], [-0.1803790752725971, 1.0179541339164362, 0.8567987197952468], [-0.1803790752725971, 0.5634605409978357, 0.8567987197952468], [2.4176859529071066, 0.05771940131589358, 0.8567987197952468], [-0.7378542609404583, -0.268051608649445, -1.1671352639730528], [-0.7378542609404583, -1.3454866727624923, -1.1671352639730528], [2.4156602584729736, 0.7292082945655746, 0.8567987197952468], [-0.7378542609404583, 0.05771940131589358, 0.8567987197952468], [-1.2028129648855588, 1.0829073758628052, 0.8567987197952468], [2.4156602584729736, 0.7292082945655746, 0.8567987197952468], [-0.7378542609404583, 1.0179541339164362, -1.1671352639730528], [-0.1803790752725971, 0.05771940131589358, 0.8567987197952468], [1.735995304508985, 0.4739200655146088, 0.8567987197952468], [-0.7378542609404583, -0.41870955046184627, -1.1671352639730528], [1.598973873012247, 1.400697187815255, 0.8567987197952468], [0.563692821709645, 1.4524543807996884, 0.8567987197952468], [1.0409909976753569, 0.8062498776462542, 0.8567987197952468], [-0.7378542609404583, 1.1144530035962368, -1.1671352639730528], [-0.7378542609404583, 0.22628125136766536, -1.1671352639730528], [2.234670629423423, 0.8798662363779759, 0.8567987197952468], [-0.03439889790920604, 1.0829073758628052, 0.8567987197952468], [2.0639325769573476, 0.9503490172923494, 0.8567987197952468], [-0.38612657942483214, 1.4524543807996884, 0.8567987197952468], [0.9345712960631252, 0.8062498776462542, 0.8567987197952468], [-0.38612657942483214, 0.27886012404266836, 0.8567987197952468], [-0.7378542609404583, 0.8798662363779759, -1.1671352639730528], [-0.7378542609404583, 0.27886012404266836, -1.1671352639730528], [0.249570176986344, -0.19756882773507148, 0.8567987197952468], [-0.7378542609404583, 0.05771940131589358, 0.8567987197952468], [2.508176740195734, 1.3198960222292326, 0.8567987197952468], [-0.7378542609404583, 0.8062498776462542, -1.1671352639730528], [-0.7378542609404583, -0.41870955046184627, -1.1671352639730528], [0.43055980603589444, 0.9154825635366934, 0.8567987197952468], [-0.7378542609404583, 0.7292082945655746, -1.1671352639730528], [-0.7378542609404583, 0.27886012404266836, -1.1671352639730528], [-0.7378542609404583, -0.268051608649445, -1.1671352639730528], [-0.7378542609404583, 0.4272664062527775, -1.1671352639730528], [2.5347035264862017, 1.2056372463433151, 0.8567987197952468], [1.598973873012247, 0.7681770426714427, 0.8567987197952468], [-0.7378542609404583, -0.8690577209847525, -1.1671352639730528], [2.508176740195734, 1.3198960222292326, 0.8567987197952468], [2.3949457177662596, 1.2349494342475167, 0.8567987197952468], [-0.38612657942483214, -0.19756882773507148, 0.8567987197952468], [1.598973873012247, 1.400697187815255, 0.8567987197952468], [2.0639325769573476, 0.7292082945655746, 0.8567987197952468], [-0.7378542609404583, -1.8219156245402321, -1.1671352639730528], [-0.7378542609404583, 0.22628125136766536, 0.8567987197952468], [-0.7378542609404583, -0.268051608649445, -1.1671352639730528], [-0.7378542609404583, -1.0901984437115273, -1.1671352639730528], [2.508176740195734, 0.9844965236165397, 0.8567987197952468], [-0.7378542609404583, -0.673997779512812, -1.1671352639730528], [-0.38612657942483214, -0.49951071604786856, 0.8567987197952468], [1.2956099871054148, -1.3454866727624923, 0.8567987197952468], [-0.7378542609404583, -1.0901984437115273, -1.1671352639730528], [1.9632314697039814, -2.0169755660121735, 0.8567987197952468], [0.5230762877586551, -0.673997779512812, 0.8567987197952468], [1.170713260520868, -1.4895858124085868, 0.8567987197952468], [-0.7378542609404583, -1.2129283141920366, -1.1671352639730528], [-0.7378542609404583, -1.3454866727624923, -1.1671352639730528], [0.07883212452026844, 0.37926028029073366, 0.8567987197952468], [2.156449058680108, -0.7686575647366872, 0.8567987197952468], [-0.7378542609404583, 0.27886012404266836, -1.1671352639730528], [-0.7378542609404583, -1.3454866727624923, -1.1671352639730528], [-0.7378542609404583, 1.400697187815255, -1.1671352639730528], [0.563692821709645, -0.673997779512812, 0.8567987197952468], [-0.7378542609404583, 1.5751842512801992, -1.1671352639730528], [3.384480078823856, 0.5634605409978357, 0.8567987197952468], [0.11788491060239846, 0.17197817720181244, 0.8567987197952468], [-0.7378542609404583, -0.9759396678256085, -1.1671352639730528], [0.563692821709645, -1.6474285610752888, 0.8567987197952468], [2.156449058680108, 0.11583397401657239, 0.8567987197952468], [-0.7378542609404583, -0.12996371111098465, -1.1671352639730528], [-0.7378542609404583, -0.268051608649445, -1.1671352639730528], [2.508176740195734, 0.9154825635366934, 0.8567987197952468], [-0.7378542609404583, 